Ботинки HS РАН-Р 400 чер. ЗП;38;1
Ботинки HS РАН-Р 400 чер. ЗП;39;1
Ботинки HS РАН-Р 400 чер. ЗП;40;2
Ботинки HS РАН-Р 400 чер. ЗП;41;5
Ботинки HS РАН-Р 400 чер. ЗП;42;8
Ботинки HS РАН-Р 400 чер. ЗП;43;10
Ботинки HS РАН-Р 400 чер. ЗП;44;10
Ботинки HS РАН-Р 400 чер. ЗП;45;4

Ботинки PANDA САНИТАРИ 3916 S1 SRC бел.;37;1
Ботинки PANDA САНИТАРИ 3916 S1 SRC бел.;40;3
Ботинки PANDA САНИТАРИ 3916 S1 SRC бел.;41;3
Ботинки PANDA САНИТАРИ 3916 S1 SRC бел.;42;2
Ботинки PANDA САНИТАРИ 3916 S1 SRC бел.;43;4
Ботинки PANDA САНИТАРИ 3916 S1 SRC бел.;44;2
Ботинки PANDA САНИТАРИ 3916 S1 SRC бел.;45;2

Ботинки СВАРЩИК УТ М.1398 ЗП;39;1
Ботинки СВАРЩИК УТ М.1398 ЗП;40;0
Ботинки СВАРЩИК УТ М.1398 ЗП;41;1
Ботинки СВАРЩИК УТ М.1398 ЗП;42;6
Ботинки СВАРЩИК УТ М.1398 ЗП;43;8
Ботинки СВАРЩИК УТ М.1398 ЗП;44;3
Ботинки СВАРЩИК УТ М.1398 ЗП;45;0
Ботинки СВАРЩИК УТ М.1398 ЗП;47;1

Ботинки ТОФФ БЕРКУТ И с выс.берцами УТ ч;38;0
Ботинки ТОФФ БЕРКУТ И с выс.берцами УТ ч;39;5
Ботинки ТОФФ БЕРКУТ И с выс.берцами УТ ч;40;7
Ботинки ТОФФ БЕРКУТ И с выс.берцами УТ ч;41;8
Ботинки ТОФФ БЕРКУТ И с выс.берцами УТ ч;42;2
Ботинки ТОФФ БЕРКУТ И с выс.берцами УТ ч;43;6

